epoch,time,train/box_loss,train/cls_loss,train/dfl_loss,metrics/precision(B),metrics/recall(B),metrics/mAP50(B),metrics/mAP50-95(B),val/box_loss,val/cls_loss,val/dfl_loss,lr/pg0,lr/pg1,lr/pg2
1,1.11834,3.22519,4.01879,1.80948,0.00107,0.0125,0.0006,0.00018,3.3574,3.78874,2.12348,1.667e-05,1.667e-05,1.667e-05
2,2.03706,3.20092,3.97743,1.92606,0.00161,0.01875,0.00085,0.00023,3.29828,3.79056,2.07167,4.9845e-05,4.9845e-05,4.9845e-05
3,2.61109,3.04324,3.97632,1.96759,0.00325,0.0375,0.00175,0.00043,3.18361,3.77,1.99796,8.27999e-05,8.27999e-05,8.27999e-05
4,3.12988,2.75043,3.75591,1.60476,0.01058,0.125,0.00662,0.00188,2.79782,3.71321,1.75526,0.000115535,0.000115535,0.000115535
5,3.65224,2.58251,3.64355,1.54717,0.01285,0.15,0.01571,0.00409,2.58323,3.68307,1.6288,0.00014805,0.00014805,0.00014805
6,4.15196,2.42392,3.40531,1.45444,0.00948,0.10625,0.00936,0.00254,2.43044,3.63542,1.52074,0.000180344,0.000180344,0.000180344
7,4.65789,2.38366,3.04872,1.35895,0.0034,0.0375,0.00553,0.00121,2.29668,3.54633,1.41239,0.000212419,0.000212419,0.000212419
8,5.16253,2.24663,2.57524,1.37572,0.01262,0.14375,0.02319,0.00655,2.1485,3.45045,1.32816,0.000244274,0.000244274,0.000244274
9,5.67299,2.4741,2.24335,1.31052,0.02414,0.28125,0.03574,0.01296,2.21748,3.34248,1.31047,0.000275909,0.000275909,0.000275909
10,6.16708,2.33528,1.87301,1.294,0.03062,0.38125,0.11667,0.04986,2.24171,3.21288,1.33665,0.000307323,0.000307323,0.000307323
11,6.67307,2.16743,1.60451,1.20329,0.02938,0.375,0.21919,0.07483,2.32948,3.09969,1.39488,0.000338518,0.000338518,0.000338518
12,7.14425,2.12567,1.68584,1.27503,0.02938,0.375,0.21919,0.07483,2.32948,3.09969,1.39488,0.000369492,0.000369492,0.000369492
13,7.64388,2.25472,1.83127,1.2724,0.02901,0.375,0.29421,0.09478,2.31851,2.98958,1.41409,0.000400247,0.000400247,0.000400247
14,8.13392,2.2245,1.63537,1.24352,0.02849,0.375,0.29763,0.11271,2.18299,2.92224,1.36945,0.000430781,0.000430781,0.000430781
15,8.62231,2.14942,1.66148,1.24674,0.02849,0.375,0.29763,0.11271,2.18299,2.92224,1.36945,0.000461096,0.000461096,0.000461096
16,9.10796,2.1581,1.5239,1.24738,0.02913,0.375,0.31457,0.12119,2.02755,2.9081,1.33209,0.00049119,0.00049119,0.00049119
17,9.60812,2.06951,1.6188,1.30029,0.02828,0.375,0.2972,0.12242,2.0517,2.861,1.38141,0.000521064,0.000521064,0.000521064
18,10.0744,2.239,1.53335,1.25853,0.02828,0.375,0.2972,0.12242,2.0517,2.861,1.38141,0.000550718,0.000550718,0.000550718
19,10.5681,2.22333,1.67403,1.30209,0.03051,0.41875,0.275,0.10841,2.08839,2.78492,1.38135,0.000580153,0.000580153,0.000580153
20,11.0357,2.21445,1.71838,1.32633,0.03051,0.41875,0.275,0.10841,2.08839,2.78492,1.38135,0.000609367,0.000609367,0.000609367
21,11.5331,2.09431,1.5222,1.22279,0.03113,0.41875,0.30863,0.12775,2.0671,2.6919,1.37001,0.000638361,0.000638361,0.000638361
22,12.0008,2.09162,1.66128,1.28388,0.03113,0.41875,0.30863,0.12775,2.0671,2.6919,1.37001,0.000667135,0.000667135,0.000667135
23,12.4984,2.07093,1.70043,1.26244,0.03313,0.4125,0.33759,0.14625,2.06736,2.58457,1.38057,0.000695689,0.000695689,0.000695689
24,12.9716,2.05931,1.49328,1.21257,0.03313,0.4125,0.33759,0.14625,2.06736,2.58457,1.38057,0.000724023,0.000724023,0.000724023
25,13.4665,1.91637,1.44747,1.21572,0.03307,0.36875,0.31756,0.12662,2.08589,2.60552,1.35593,0.000752137,0.000752137,0.000752137
26,13.9413,2.04062,1.48365,1.20451,0.03307,0.36875,0.31756,0.12662,2.08589,2.60552,1.35593,0.000780031,0.000780031,0.000780031
27,14.4143,1.96745,1.39946,1.25601,0.03307,0.36875,0.31756,0.12662,2.08589,2.60552,1.35593,0.000807705,0.000807705,0.000807705
28,14.9014,1.9669,1.29509,1.18556,0.85016,0.2875,0.27942,0.1056,2.12671,2.61103,1.38958,0.000835159,0.000835159,0.000835159
29,15.3721,2.0367,1.515,1.24718,0.85016,0.2875,0.27942,0.1056,2.12671,2.61103,1.38958,0.000862392,0.000862392,0.000862392
30,15.8519,1.99522,1.57996,1.24419,0.94509,0.10137,0.28283,0.1182,2.20139,2.53458,1.42839,0.000889406,0.000889406,0.000889406
31,16.3238,1.93755,1.42515,1.20507,0.94509,0.10137,0.28283,0.1182,2.20139,2.53458,1.42839,0.0009162,0.0009162,0.0009162
32,16.798,2.04257,1.51013,1.25703,0.94509,0.10137,0.28283,0.1182,2.20139,2.53458,1.42839,0.000942774,0.000942774,0.000942774
33,17.2811,2.12537,1.46666,1.21397,0.97507,0.1625,0.25748,0.12315,2.21226,2.3907,1.41672,0.000969127,0.000969127,0.000969127
34,17.7559,2.04492,1.53406,1.22833,0.97507,0.1625,0.25748,0.12315,2.21226,2.3907,1.41672,0.000995261,0.000995261,0.000995261
35,18.2339,1.92823,1.35507,1.18825,0.97507,0.1625,0.25748,0.12315,2.21226,2.3907,1.41672,0.00102117,0.00102117,0.00102117
36,18.7271,2.03065,1.44695,1.15583,0.9516,0.17494,0.31648,0.13273,2.15314,2.15862,1.37373,0.00104687,0.00104687,0.00104687
37,19.2002,1.87841,1.32921,1.13322,0.9516,0.17494,0.31648,0.13273,2.15314,2.15862,1.37373,0.00107234,0.00107234,0.00107234
38,19.6796,2.09812,1.52393,1.28822,0.9516,0.17494,0.31648,0.13273,2.15314,2.15862,1.37373,0.00109759,0.00109759,0.00109759
39,20.16,1.93011,1.39332,1.21494,0.89613,0.21456,0.33118,0.13399,2.10731,2.00367,1.34316,0.00112263,0.00112263,0.00112263
40,20.6336,2.03888,1.48727,1.23188,0.89613,0.21456,0.33118,0.13399,2.10731,2.00367,1.34316,0.00114744,0.00114744,0.00114744
41,21.0984,1.98308,1.40188,1.18981,0.89613,0.21456,0.33118,0.13399,2.10731,2.00367,1.34316,0.00117203,0.00117203,0.00117203
42,21.591,1.97414,1.45053,1.2035,0.89363,0.25444,0.30543,0.12956,2.1332,1.90149,1.41212,0.00119641,0.00119641,0.00119641
43,22.0532,2.07908,1.37443,1.30617,0.89363,0.25444,0.30543,0.12956,2.1332,1.90149,1.41212,0.00122056,0.00122056,0.00122056
44,22.5425,2.0616,1.3287,1.2631,0.89363,0.25444,0.30543,0.12956,2.1332,1.90149,1.41212,0.00124449,0.00124449,0.00124449
45,23.0104,2.08098,1.45609,1.32757,0.89363,0.25444,0.30543,0.12956,2.1332,1.90149,1.41212,0.00126821,0.00126821,0.00126821
46,23.5057,2.00248,1.38609,1.2185,0.86336,0.3125,0.36497,0.14176,2.13349,1.63347,1.39189,0.0012917,0.0012917,0.0012917
47,23.9718,1.90387,1.3243,1.20481,0.86336,0.3125,0.36497,0.14176,2.13349,1.63347,1.39189,0.00131497,0.00131497,0.00131497
48,24.4431,1.85415,1.28754,1.17249,0.86336,0.3125,0.36497,0.14176,2.13349,1.63347,1.39189,0.00133803,0.00133803,0.00133803
49,24.9191,1.89625,1.38656,1.21914,0.86336,0.3125,0.36497,0.14176,2.13349,1.63347,1.39189,0.00136086,0.00136086,0.00136086
50,25.4053,1.96926,1.39433,1.24941,0.86987,0.33752,0.35263,0.14348,2.17327,1.39409,1.45363,0.00138347,0.00138347,0.00138347
51,25.8774,1.92717,1.31747,1.18037,0.86987,0.33752,0.35263,0.14348,2.17327,1.39409,1.45363,0.00139195,0.00139195,0.00139195
52,26.3512,1.88332,1.24522,1.15983,0.86987,0.33752,0.35263,0.14348,2.17327,1.39409,1.45363,0.00138644,0.00138644,0.00138644
53,26.8175,1.81081,1.28479,1.1775,0.86987,0.33752,0.35263,0.14348,2.17327,1.39409,1.45363,0.00138094,0.00138094,0.00138094
54,27.301,1.93952,1.35758,1.25819,0.83725,0.33125,0.33419,0.14079,2.13496,1.35761,1.47508,0.00137544,0.00137544,0.00137544
55,27.7828,1.78478,1.21313,1.11583,0.83725,0.33125,0.33419,0.14079,2.13496,1.35761,1.47508,0.00136994,0.00136994,0.00136994
56,28.2559,1.7795,1.27022,1.14905,0.83725,0.33125,0.33419,0.14079,2.13496,1.35761,1.47508,0.00136444,0.00136444,0.00136444
57,28.7373,1.85398,1.3827,1.16052,0.83725,0.33125,0.33419,0.14079,2.13496,1.35761,1.47508,0.00135894,0.00135894,0.00135894
58,29.2217,1.86114,1.32703,1.19161,0.83189,0.3375,0.33205,0.14141,2.11595,1.44845,1.44235,0.00135344,0.00135344,0.00135344
59,29.7018,1.76922,1.14226,1.13171,0.83189,0.3375,0.33205,0.14141,2.11595,1.44845,1.44235,0.00134794,0.00134794,0.00134794
60,30.1736,1.84084,1.26811,1.11883,0.83189,0.3375,0.33205,0.14141,2.11595,1.44845,1.44235,0.00134244,0.00134244,0.00134244
61,30.6528,1.82992,1.25409,1.21167,0.83189,0.3375,0.33205,0.14141,2.11595,1.44845,1.44235,0.00133693,0.00133693,0.00133693
62,31.1418,1.84806,1.27962,1.14845,0.84621,0.31875,0.33263,0.1414,2.15243,1.38058,1.46485,0.00133143,0.00133143,0.00133143
63,31.6166,1.84672,1.30612,1.19753,0.84621,0.31875,0.33263,0.1414,2.15243,1.38058,1.46485,0.00132593,0.00132593,0.00132593
64,32.0856,1.89966,1.26411,1.19912,0.84621,0.31875,0.33263,0.1414,2.15243,1.38058,1.46485,0.00132043,0.00132043,0.00132043
65,32.5637,1.79625,1.32757,1.13652,0.84621,0.31875,0.33263,0.1414,2.15243,1.38058,1.46485,0.00131493,0.00131493,0.00131493
66,33.0426,1.85474,1.19997,1.17249,0.83501,0.3,0.33153,0.14173,2.18465,1.42965,1.47465,0.00130943,0.00130943,0.00130943
67,33.5258,1.94529,1.25338,1.17973,0.83501,0.3,0.33153,0.14173,2.18465,1.42965,1.47465,0.00130393,0.00130393,0.00130393
68,33.9885,1.90097,1.30515,1.26048,0.83501,0.3,0.33153,0.14173,2.18465,1.42965,1.47465,0.00129843,0.00129843,0.00129843
69,34.4676,1.82598,1.13582,1.11396,0.83501,0.3,0.33153,0.14173,2.18465,1.42965,1.47465,0.00129293,0.00129293,0.00129293
70,34.9466,1.85389,1.18973,1.18486,0.86184,0.34375,0.35308,0.15139,2.12704,1.39762,1.44425,0.00128742,0.00128742,0.00128742
71,35.4295,1.74861,1.16002,1.12067,0.86184,0.34375,0.35308,0.15139,2.12704,1.39762,1.44425,0.00128192,0.00128192,0.00128192
72,35.9075,1.81284,1.2732,1.14415,0.86184,0.34375,0.35308,0.15139,2.12704,1.39762,1.44425,0.00127642,0.00127642,0.00127642
73,36.3844,1.78511,1.15463,1.13251,0.86184,0.34375,0.35308,0.15139,2.12704,1.39762,1.44425,0.00127092,0.00127092,0.00127092
74,36.8729,1.85859,1.21609,1.2099,0.85207,0.32725,0.34777,0.14856,2.15899,1.2723,1.45404,0.00126542,0.00126542,0.00126542
75,37.3425,1.88524,1.26859,1.21631,0.85207,0.32725,0.34777,0.14856,2.15899,1.2723,1.45404,0.00125992,0.00125992,0.00125992
76,37.8166,1.67581,1.12084,1.11952,0.85207,0.32725,0.34777,0.14856,2.15899,1.2723,1.45404,0.00125442,0.00125442,0.00125442
77,38.2884,1.84283,1.18058,1.14841,0.85207,0.32725,0.34777,0.14856,2.15899,1.2723,1.45404,0.00124892,0.00124892,0.00124892
78,38.777,1.8782,1.20816,1.206,0.8649,0.37142,0.3769,0.16041,2.06289,1.21544,1.43793,0.00124342,0.00124342,0.00124342
79,39.255,1.77482,1.30431,1.22233,0.8649,0.37142,0.3769,0.16041,2.06289,1.21544,1.43793,0.00123791,0.00123791,0.00123791
80,39.7496,1.65164,1.15821,1.10019,0.8649,0.37142,0.3769,0.16041,2.06289,1.21544,1.43793,0.00123241,0.00123241,0.00123241
81,40.2257,1.72712,1.08367,1.09701,0.8649,0.37142,0.3769,0.16041,2.06289,1.21544,1.43793,0.00122691,0.00122691,0.00122691
82,40.7347,1.7706,1.11989,1.10179,0.87547,0.33125,0.35981,0.15843,2.13192,1.25819,1.44801,0.00122141,0.00122141,0.00122141
83,41.2101,1.69954,1.11994,1.10343,0.87547,0.33125,0.35981,0.15843,2.13192,1.25819,1.44801,0.00121591,0.00121591,0.00121591
84,41.6923,1.70874,1.06522,1.11262,0.87547,0.33125,0.35981,0.15843,2.13192,1.25819,1.44801,0.00121041,0.00121041,0.00121041
85,42.1633,1.76585,1.20255,1.13273,0.87547,0.33125,0.35981,0.15843,2.13192,1.25819,1.44801,0.00120491,0.00120491,0.00120491
86,42.6545,1.81559,1.11579,1.11541,0.84305,0.32788,0.35641,0.13956,2.18505,1.27027,1.43541,0.00119941,0.00119941,0.00119941
87,43.12,1.65436,1.09107,1.09672,0.84305,0.32788,0.35641,0.13956,2.18505,1.27027,1.43541,0.00119391,0.00119391,0.00119391
88,43.6,1.69971,1.17858,1.10991,0.84305,0.32788,0.35641,0.13956,2.18505,1.27027,1.43541,0.0011884,0.0011884,0.0011884
89,44.0646,1.77237,1.15604,1.16604,0.84305,0.32788,0.35641,0.13956,2.18505,1.27027,1.43541,0.0011829,0.0011829,0.0011829
90,44.5591,1.72525,1.05367,1.1071,0.8312,0.3375,0.35526,0.15143,2.1864,1.153,1.42682,0.0011774,0.0011774,0.0011774
91,45.0275,1.6605,1.0584,1.10012,0.8312,0.3375,0.35526,0.15143,2.1864,1.153,1.42682,0.0011719,0.0011719,0.0011719
92,45.5099,1.71795,1.09149,1.09494,0.8312,0.3375,0.35526,0.15143,2.1864,1.153,1.42682,0.0011664,0.0011664,0.0011664
93,45.9745,1.7085,1.10563,1.13928,0.8312,0.3375,0.35526,0.15143,2.1864,1.153,1.42682,0.0011609,0.0011609,0.0011609
94,46.459,1.82859,1.08921,1.15118,0.85446,0.3875,0.39532,0.15101,2.19147,1.17809,1.41506,0.0011554,0.0011554,0.0011554
95,46.9307,1.6494,1.10999,1.06275,0.85446,0.3875,0.39532,0.15101,2.19147,1.17809,1.41506,0.0011499,0.0011499,0.0011499
96,47.4056,1.69479,1.14387,1.09554,0.85446,0.3875,0.39532,0.15101,2.19147,1.17809,1.41506,0.0011444,0.0011444,0.0011444
97,47.8829,1.72523,1.1107,1.11005,0.85446,0.3875,0.39532,0.15101,2.19147,1.17809,1.41506,0.00113889,0.00113889,0.00113889
98,48.3771,1.6634,1.03027,1.11535,0.83471,0.35,0.35455,0.14465,2.28358,1.185,1.47973,0.00113339,0.00113339,0.00113339
99,48.8464,1.74539,1.05353,1.1057,0.83471,0.35,0.35455,0.14465,2.28358,1.185,1.47973,0.00112789,0.00112789,0.00112789
100,49.3179,1.71702,1.05421,1.08214,0.83471,0.35,0.35455,0.14465,2.28358,1.185,1.47973,0.00112239,0.00112239,0.00112239
101,49.7876,1.65227,1.08604,1.13411,0.83471,0.35,0.35455,0.14465,2.28358,1.185,1.47973,0.00111689,0.00111689,0.00111689
102,50.2735,1.64052,1.04417,1.1214,0.87031,0.375,0.39128,0.15488,2.25309,1.17002,1.45149,0.00111139,0.00111139,0.00111139
103,50.7526,1.81562,1.16563,1.1758,0.87031,0.375,0.39128,0.15488,2.25309,1.17002,1.45149,0.00110589,0.00110589,0.00110589
104,51.2244,1.65492,1.02788,1.07457,0.87031,0.375,0.39128,0.15488,2.25309,1.17002,1.45149,0.00110039,0.00110039,0.00110039
105,51.7029,1.67613,1.03346,1.0948,0.87031,0.375,0.39128,0.15488,2.25309,1.17002,1.45149,0.00109489,0.00109489,0.00109489
106,52.1866,1.61618,1.03129,1.04579,0.84792,0.375,0.37994,0.16019,2.22189,1.16898,1.4558,0.00108938,0.00108938,0.00108938
107,52.6718,1.6462,1.05286,1.10333,0.84792,0.375,0.37994,0.16019,2.22189,1.16898,1.4558,0.00108388,0.00108388,0.00108388
108,53.1523,1.59526,0.9922,1.03988,0.84792,0.375,0.37994,0.16019,2.22189,1.16898,1.4558,0.00107838,0.00107838,0.00107838
109,53.6502,1.61775,1.03583,1.07379,0.84792,0.375,0.37994,0.16019,2.22189,1.16898,1.4558,0.00107288,0.00107288,0.00107288
110,54.1357,1.60204,0.99581,1.0785,0.85704,0.36875,0.36278,0.15315,2.22537,1.16685,1.43628,0.00106738,0.00106738,0.00106738
111,54.605,1.59464,1.15611,1.07908,0.85704,0.36875,0.36278,0.15315,2.22537,1.16685,1.43628,0.00106188,0.00106188,0.00106188
112,55.064,1.7605,1.18951,1.22859,0.85704,0.36875,0.36278,0.15315,2.22537,1.16685,1.43628,0.00105638,0.00105638,0.00105638
113,55.533,1.55935,1.02317,1.06132,0.85704,0.36875,0.36278,0.15315,2.22537,1.16685,1.43628,0.00105088,0.00105088,0.00105088
114,56.0109,1.55928,1.061,1.10003,0.87837,0.34375,0.37303,0.14912,2.30679,1.15398,1.44358,0.00104538,0.00104538,0.00104538
115,56.4877,1.52837,0.98064,1.01545,0.87837,0.34375,0.37303,0.14912,2.30679,1.15398,1.44358,0.00103987,0.00103987,0.00103987
116,56.9522,1.55921,1.04843,1.04459,0.87837,0.34375,0.37303,0.14912,2.30679,1.15398,1.44358,0.00103437,0.00103437,0.00103437
117,57.4231,1.59914,0.9884,1.04293,0.87837,0.34375,0.37303,0.14912,2.30679,1.15398,1.44358,0.00102887,0.00102887,0.00102887
118,57.914,1.55902,1.00629,1.03843,0.86827,0.3625,0.37512,0.14324,2.33282,1.13531,1.47383,0.00102337,0.00102337,0.00102337
119,58.3835,1.52878,0.98647,1.00954,0.86827,0.3625,0.37512,0.14324,2.33282,1.13531,1.47383,0.00101787,0.00101787,0.00101787
120,58.849,1.68237,1.12448,1.10532,0.86827,0.3625,0.37512,0.14324,2.33282,1.13531,1.47383,0.00101237,0.00101237,0.00101237
121,59.3254,1.54249,0.95709,1.05574,0.86827,0.3625,0.37512,0.14324,2.33282,1.13531,1.47383,0.00100687,0.00100687,0.00100687
122,59.8088,1.56244,0.97972,1.06306,0.86802,0.3625,0.38124,0.15195,2.2592,1.11669,1.46073,0.00100137,0.00100137,0.00100137
123,60.2802,1.64677,0.98535,1.07451,0.86802,0.3625,0.38124,0.15195,2.2592,1.11669,1.46073,0.000995866,0.000995866,0.000995866
124,60.7497,1.55382,0.97997,1.04404,0.86802,0.3625,0.38124,0.15195,2.2592,1.11669,1.46073,0.000990365,0.000990365,0.000990365
125,61.2148,1.57919,1.01935,1.10026,0.86802,0.3625,0.38124,0.15195,2.2592,1.11669,1.46073,0.000984864,0.000984864,0.000984864
126,61.7026,1.51625,1.0289,1.06011,0.89289,0.36681,0.40246,0.14871,2.29472,1.11921,1.49887,0.000979362,0.000979362,0.000979362
127,62.1723,1.56963,0.96919,1.03849,0.89289,0.36681,0.40246,0.14871,2.29472,1.11921,1.49887,0.000973861,0.000973861,0.000973861
128,62.647,1.57863,0.98187,1.09468,0.89289,0.36681,0.40246,0.14871,2.29472,1.11921,1.49887,0.00096836,0.00096836,0.00096836
129,63.1107,1.43744,1.04601,1.04322,0.89289,0.36681,0.40246,0.14871,2.29472,1.11921,1.49887,0.000962859,0.000962859,0.000962859
130,63.604,1.65718,1.0357,1.11257,0.88413,0.35625,0.39177,0.14073,2.34861,1.13393,1.53413,0.000957358,0.000957358,0.000957358
131,64.067,1.51493,0.90991,1.01414,0.88413,0.35625,0.39177,0.14073,2.34861,1.13393,1.53413,0.000951857,0.000951857,0.000951857
132,64.5364,1.62281,1.02141,1.0233,0.88413,0.35625,0.39177,0.14073,2.34861,1.13393,1.53413,0.000946356,0.000946356,0.000946356
133,65.0043,1.53186,0.94943,1.03252,0.88413,0.35625,0.39177,0.14073,2.34861,1.13393,1.53413,0.000940855,0.000940855,0.000940855
134,65.4908,1.43219,0.90846,1.03642,0.89015,0.375,0.38538,0.1378,2.2765,1.11243,1.47991,0.000935354,0.000935354,0.000935354
135,65.9511,1.62421,0.98093,1.07067,0.89015,0.375,0.38538,0.1378,2.2765,1.11243,1.47991,0.000929853,0.000929853,0.000929853
136,66.4177,1.55549,1.004,1.06714,0.89015,0.375,0.38538,0.1378,2.2765,1.11243,1.47991,0.000924352,0.000924352,0.000924352
137,66.8965,1.58114,1.01881,1.00395,0.89015,0.375,0.38538,0.1378,2.2765,1.11243,1.47991,0.00091885,0.00091885,0.00091885
138,67.3792,1.54487,0.99162,1.09222,0.87737,0.3625,0.36961,0.14681,2.2443,1.1213,1.44973,0.000913349,0.000913349,0.000913349
139,67.8466,1.59282,0.98269,1.06782,0.87737,0.3625,0.36961,0.14681,2.2443,1.1213,1.44973,0.000907848,0.000907848,0.000907848
140,68.3138,1.51611,1.00809,1.13222,0.87737,0.3625,0.36961,0.14681,2.2443,1.1213,1.44973,0.000902347,0.000902347,0.000902347
141,68.7832,1.49602,0.95653,1.03159,0.87737,0.3625,0.36961,0.14681,2.2443,1.1213,1.44973,0.000896846,0.000896846,0.000896846
142,69.2647,1.51611,0.97394,1.02141,0.86796,0.36578,0.37049,0.14545,2.29591,1.14334,1.49839,0.000891345,0.000891345,0.000891345
143,69.7372,1.61267,0.98296,1.04702,0.86796,0.36578,0.37049,0.14545,2.29591,1.14334,1.49839,0.000885844,0.000885844,0.000885844
144,70.2065,1.52149,0.9573,1.02161,0.86796,0.36578,0.37049,0.14545,2.29591,1.14334,1.49839,0.000880343,0.000880343,0.000880343
145,70.679,1.63368,1.01708,1.08835,0.86796,0.36578,0.37049,0.14545,2.29591,1.14334,1.49839,0.000874842,0.000874842,0.000874842
146,71.1596,1.5012,1.00984,1.04738,0.88403,0.35625,0.37941,0.13742,2.30742,1.15591,1.51261,0.00086934,0.00086934,0.00086934
147,71.6378,1.43073,0.91794,0.98919,0.88403,0.35625,0.37941,0.13742,2.30742,1.15591,1.51261,0.000863839,0.000863839,0.000863839
148,72.0973,1.47323,0.96279,1.03964,0.88403,0.35625,0.37941,0.13742,2.30742,1.15591,1.51261,0.000858338,0.000858338,0.000858338
149,72.5695,1.43418,0.90613,1.00268,0.88403,0.35625,0.37941,0.13742,2.30742,1.15591,1.51261,0.000852837,0.000852837,0.000852837
150,73.0469,1.66201,1.05222,1.07527,0.89352,0.3696,0.3856,0.14999,2.25963,1.09621,1.48027,0.000847336,0.000847336,0.000847336
151,73.5248,1.51212,0.98256,0.9941,0.89352,0.3696,0.3856,0.14999,2.25963,1.09621,1.48027,0.000841835,0.000841835,0.000841835
152,73.9882,1.49564,0.95714,1.07682,0.89352,0.3696,0.3856,0.14999,2.25963,1.09621,1.48027,0.000836334,0.000836334,0.000836334
153,74.4615,1.41972,0.88745,1.03522,0.89352,0.3696,0.3856,0.14999,2.25963,1.09621,1.48027,0.000830833,0.000830833,0.000830833
154,74.9386,1.42815,0.9256,1.0156,0.90427,0.36953,0.39736,0.13887,2.29129,1.07626,1.49387,0.000825332,0.000825332,0.000825332
155,75.41,1.36825,0.83318,0.99678,0.90427,0.36953,0.39736,0.13887,2.29129,1.07626,1.49387,0.000819831,0.000819831,0.000819831
156,75.8749,1.47797,0.90541,1.0469,0.90427,0.36953,0.39736,0.13887,2.29129,1.07626,1.49387,0.000814329,0.000814329,0.000814329
157,76.3412,1.51982,0.96302,1.04874,0.90427,0.36953,0.39736,0.13887,2.29129,1.07626,1.49387,0.000808828,0.000808828,0.000808828
158,76.8256,1.41012,0.87614,0.97923,0.89009,0.3771,0.40515,0.14365,2.34792,1.09634,1.52066,0.000803327,0.000803327,0.000803327
159,77.3021,1.37547,0.87582,0.99466,0.89009,0.3771,0.40515,0.14365,2.34792,1.09634,1.52066,0.000797826,0.000797826,0.000797826
160,77.7785,1.50962,0.93573,1.03262,0.89009,0.3771,0.40515,0.14365,2.34792,1.09634,1.52066,0.000792325,0.000792325,0.000792325
161,78.2469,1.50793,0.9314,1.03314,0.89009,0.3771,0.40515,0.14365,2.34792,1.09634,1.52066,0.000786824,0.000786824,0.000786824
162,78.7376,1.5518,1.00099,1.07994,0.88405,0.3625,0.3814,0.14339,2.31561,1.12319,1.51142,0.000781323,0.000781323,0.000781323
163,79.2027,1.5291,0.92146,1.04699,0.88405,0.3625,0.3814,0.14339,2.31561,1.12319,1.51142,0.000775822,0.000775822,0.000775822
164,79.6807,1.5395,0.94719,1.03448,0.88405,0.3625,0.3814,0.14339,2.31561,1.12319,1.51142,0.000770321,0.000770321,0.000770321
165,80.1474,1.43598,0.90926,0.99674,0.88405,0.3625,0.3814,0.14339,2.31561,1.12319,1.51142,0.00076482,0.00076482,0.00076482
166,80.6379,1.35431,0.86321,0.98105,0.89207,0.34059,0.36469,0.14542,2.34822,1.13717,1.53996,0.000759318,0.000759318,0.000759318
167,81.095,1.46651,0.95725,1.04266,0.89207,0.34059,0.36469,0.14542,2.34822,1.13717,1.53996,0.000753817,0.000753817,0.000753817
168,81.5678,1.5039,0.94848,1.01201,0.89207,0.34059,0.36469,0.14542,2.34822,1.13717,1.53996,0.000748316,0.000748316,0.000748316
169,82.0352,1.43688,0.8966,0.95572,0.89207,0.34059,0.36469,0.14542,2.34822,1.13717,1.53996,0.000742815,0.000742815,0.000742815
170,82.5234,1.52945,0.9505,1.04935,0.90147,0.33106,0.37733,0.13838,2.38587,1.14484,1.57017,0.000737314,0.000737314,0.000737314
171,82.9894,1.45349,0.87957,1.03373,0.90147,0.33106,0.37733,0.13838,2.38587,1.14484,1.57017,0.000731813,0.000731813,0.000731813
172,83.4558,1.48633,0.94008,1.03004,0.90147,0.33106,0.37733,0.13838,2.38587,1.14484,1.57017,0.000726312,0.000726312,0.000726312
173,83.9221,1.36778,0.91243,1.00419,0.90147,0.33106,0.37733,0.13838,2.38587,1.14484,1.57017,0.000720811,0.000720811,0.000720811
174,84.4036,1.43641,0.90332,1.00511,0.86027,0.33125,0.34988,0.13989,2.35152,1.11704,1.52979,0.00071531,0.00071531,0.00071531
175,84.8714,1.53491,0.92974,1.0228,0.86027,0.33125,0.34988,0.13989,2.35152,1.11704,1.52979,0.000709809,0.000709809,0.000709809
176,85.3334,1.40362,0.92916,1.06578,0.86027,0.33125,0.34988,0.13989,2.35152,1.11704,1.52979,0.000704307,0.000704307,0.000704307
177,85.7978,1.36475,1.01696,1.04326,0.86027,0.33125,0.34988,0.13989,2.35152,1.11704,1.52979,0.000698806,0.000698806,0.000698806
178,86.2853,1.52871,0.94563,1.05011,0.86284,0.33067,0.35502,0.14067,2.33356,1.11454,1.53662,0.000693305,0.000693305,0.000693305
179,86.7565,1.5383,0.96827,1.04777,0.86284,0.33067,0.35502,0.14067,2.33356,1.11454,1.53662,0.000687804,0.000687804,0.000687804
180,87.2309,1.35714,0.86414,0.97621,0.86284,0.33067,0.35502,0.14067,2.33356,1.11454,1.53662,0.000682303,0.000682303,0.000682303
181,87.7181,1.34103,0.91294,0.98717,0.86284,0.33067,0.35502,0.14067,2.33356,1.11454,1.53662,0.000676802,0.000676802,0.000676802
182,88.2024,1.32849,0.90611,0.99931,0.86033,0.32251,0.35432,0.13716,2.35211,1.11385,1.55464,0.000671301,0.000671301,0.000671301
183,88.6724,1.3388,0.895,0.98135,0.86033,0.32251,0.35432,0.13716,2.35211,1.11385,1.55464,0.0006658,0.0006658,0.0006658
184,89.137,1.27129,0.84898,0.98838,0.86033,0.32251,0.35432,0.13716,2.35211,1.11385,1.55464,0.000660299,0.000660299,0.000660299
185,89.6155,1.34223,0.86274,0.97129,0.86033,0.32251,0.35432,0.13716,2.35211,1.11385,1.55464,0.000654798,0.000654798,0.000654798
186,90.0921,1.35399,0.91954,0.98121,0.86418,0.3375,0.36897,0.14744,2.30454,1.09117,1.51374,0.000649297,0.000649297,0.000649297
187,90.5624,1.40444,0.87112,1.03164,0.86418,0.3375,0.36897,0.14744,2.30454,1.09117,1.51374,0.000643795,0.000643795,0.000643795
188,91.0313,1.45138,0.9041,1.00544,0.86418,0.3375,0.36897,0.14744,2.30454,1.09117,1.51374,0.000638294,0.000638294,0.000638294
189,91.5061,1.44007,0.88388,1.02191,0.86418,0.3375,0.36897,0.14744,2.30454,1.09117,1.51374,0.000632793,0.000632793,0.000632793
190,91.9803,1.24155,0.81315,0.97785,0.8486,0.33098,0.35296,0.15029,2.25545,1.07281,1.47678,0.000627292,0.000627292,0.000627292
191,92.4521,1.31123,0.85493,0.95317,0.8486,0.33098,0.35296,0.15029,2.25545,1.07281,1.47678,0.000621791,0.000621791,0.000621791
192,92.9229,1.33906,0.83187,0.98453,0.8486,0.33098,0.35296,0.15029,2.25545,1.07281,1.47678,0.00061629,0.00061629,0.00061629
193,93.3926,1.42266,0.92077,1.01717,0.8486,0.33098,0.35296,0.15029,2.25545,1.07281,1.47678,0.000610789,0.000610789,0.000610789
194,93.8723,1.40611,0.88836,0.9877,0.85531,0.34375,0.36204,0.15499,2.28405,1.08386,1.51039,0.000605288,0.000605288,0.000605288
195,94.3386,1.32081,0.80147,0.98642,0.85531,0.34375,0.36204,0.15499,2.28405,1.08386,1.51039,0.000599787,0.000599787,0.000599787
196,94.8028,1.40026,0.87347,1.04018,0.85531,0.34375,0.36204,0.15499,2.28405,1.08386,1.51039,0.000594286,0.000594286,0.000594286
197,95.2693,1.33095,0.91349,0.98433,0.85531,0.34375,0.36204,0.15499,2.28405,1.08386,1.51039,0.000588784,0.000588784,0.000588784
198,95.7563,1.41993,0.86427,1.01459,0.85851,0.35,0.36592,0.15575,2.32385,1.08128,1.52573,0.000583283,0.000583283,0.000583283
199,96.2221,1.30616,0.84812,0.97634,0.85851,0.35,0.36592,0.15575,2.32385,1.08128,1.52573,0.000577782,0.000577782,0.000577782
200,96.6972,1.33311,0.85161,0.96297,0.85851,0.35,0.36592,0.15575,2.32385,1.08128,1.52573,0.000572281,0.000572281,0.000572281
201,97.1639,1.48988,0.87752,0.99438,0.85851,0.35,0.36592,0.15575,2.32385,1.08128,1.52573,0.00056678,0.00056678,0.00056678
202,97.6505,1.43154,0.86279,1.0597,0.87917,0.3625,0.39195,0.15195,2.34423,1.0721,1.53531,0.000561279,0.000561279,0.000561279
203,98.1153,1.29239,0.81431,0.96664,0.87917,0.3625,0.39195,0.15195,2.34423,1.0721,1.53531,0.000555778,0.000555778,0.000555778
204,98.5864,1.40275,0.90518,1.01677,0.87917,0.3625,0.39195,0.15195,2.34423,1.0721,1.53531,0.000550277,0.000550277,0.000550277
205,99.0457,1.19552,0.82462,0.95717,0.87917,0.3625,0.39195,0.15195,2.34423,1.0721,1.53531,0.000544776,0.000544776,0.000544776
206,99.5357,1.28283,0.85579,0.9744,0.86238,0.35,0.37951,0.15243,2.32339,1.08167,1.51634,0.000539275,0.000539275,0.000539275
207,99.995,1.31834,0.84311,0.9713,0.86238,0.35,0.37951,0.15243,2.32339,1.08167,1.51634,0.000533773,0.000533773,0.000533773
208,100.465,1.37571,0.88977,1.0016,0.86238,0.35,0.37951,0.15243,2.32339,1.08167,1.51634,0.000528272,0.000528272,0.000528272
209,100.93,1.26844,0.80468,0.95909,0.86238,0.35,0.37951,0.15243,2.32339,1.08167,1.51634,0.000522771,0.000522771,0.000522771
